               epoch,      train/box_loss,      train/obj_loss,      train/cls_loss,   metrics/precision,      metrics/recall,     metrics/mAP_0.5,metrics/mAP_0.5:0.95,        val/box_loss,        val/obj_loss,        val/cls_loss,               x/lr0,               x/lr1,               x/lr2
                   0,              0.1061,            0.034676,            0.017406,           0.0042217,              0.5967,           0.0037212,           0.0010907,            0.097598,            0.049448,            0.018622,            0.070142,           0.0033175,           0.0033175
                   1,            0.090145,            0.039092,            0.016485,            0.088801,             0.26967,            0.051507,            0.016556,            0.064553,             0.03308,            0.014753,            0.040122,           0.0066309,           0.0066309
                   2,            0.070385,            0.034844,            0.015695,             0.34561,             0.49878,             0.27004,             0.10228,            0.053198,            0.042621,             0.01461,            0.010082,           0.0099243,           0.0099243
                   3,            0.055814,            0.028416,            0.015604,             0.31853,             0.30487,             0.16921,            0.062464,            0.068558,            0.031877,            0.014573,             0.00991,             0.00991,             0.00991
                   4,            0.046694,            0.024375,             0.01558,             0.45144,             0.61626,             0.39983,             0.23108,            0.036479,            0.023393,            0.014599,             0.00991,             0.00991,             0.00991
                   5,            0.041488,            0.021768,            0.015565,             0.48992,             0.89691,             0.50036,              0.3374,            0.025447,            0.020003,            0.014542,             0.00988,             0.00988,             0.00988
                   6,            0.037159,             0.02074,            0.015558,             0.48967,             0.92992,             0.51806,             0.38579,            0.021444,            0.015382,            0.014469,             0.00985,             0.00985,             0.00985
                   7,            0.034948,             0.01985,            0.015531,             0.49371,             0.95474,             0.52133,             0.39519,            0.019966,            0.013919,             0.01451,             0.00982,             0.00982,             0.00982
                   8,            0.033405,            0.019113,            0.015533,             0.49906,             0.93757,             0.51823,             0.34095,            0.025717,            0.014824,            0.014418,             0.00979,             0.00979,             0.00979
                   9,            0.031115,            0.018336,            0.015509,             0.49372,             0.94654,              0.5163,             0.37063,            0.022209,            0.014014,            0.014482,             0.00976,             0.00976,             0.00976
                  10,             0.03029,            0.017734,             0.01552,             0.49473,             0.96203,             0.52695,             0.39569,            0.019444,            0.012853,            0.014556,             0.00973,             0.00973,             0.00973
                  11,            0.029657,            0.017241,            0.015508,             0.49944,             0.96485,             0.53641,             0.40816,            0.019358,            0.013363,            0.014467,              0.0097,              0.0097,              0.0097
                  12,            0.028188,            0.016882,            0.015502,             0.49715,             0.97108,             0.53719,             0.42641,            0.017392,            0.011988,            0.014474,             0.00967,             0.00967,             0.00967
                  13,            0.028209,            0.016563,              0.0155,             0.50057,             0.98485,             0.53665,             0.42155,            0.018614,            0.012113,            0.014474,             0.00964,             0.00964,             0.00964
                  14,             0.02764,            0.016014,            0.015489,             0.49841,             0.96993,             0.54069,             0.42877,            0.017478,            0.011819,            0.014439,             0.00961,             0.00961,             0.00961
                  15,            0.026875,            0.015965,              0.0155,             0.50175,             0.97948,             0.53132,             0.40047,            0.019723,            0.012066,            0.014486,             0.00958,             0.00958,             0.00958
                  16,            0.026321,            0.015971,            0.015501,             0.49784,             0.95572,             0.53385,             0.40424,            0.019467,             0.01287,            0.014435,             0.00955,             0.00955,             0.00955
                  17,            0.026072,            0.015781,            0.015467,             0.49954,             0.98351,             0.54107,             0.43555,            0.016824,            0.011302,            0.014458,             0.00952,             0.00952,             0.00952
                  18,            0.025448,            0.015568,            0.015467,             0.49791,             0.98418,             0.54345,             0.44108,            0.016106,            0.010966,            0.014483,             0.00949,             0.00949,             0.00949
                  19,            0.024873,            0.015282,            0.015449,             0.49859,              0.9848,             0.53708,             0.41361,            0.018217,            0.011429,            0.014467,             0.00946,             0.00946,             0.00946
                  20,            0.025024,            0.015339,            0.015458,             0.49675,             0.95373,             0.53414,             0.39738,            0.019487,            0.013432,            0.014339,             0.00943,             0.00943,             0.00943
                  21,            0.024537,            0.015454,             0.01541,             0.50034,             0.97996,             0.54395,              0.4336,            0.016754,            0.011392,            0.014497,              0.0094,              0.0094,              0.0094
                  22,            0.023725,            0.014593,            0.015417,              0.4975,             0.98279,             0.55957,             0.45008,            0.016619,            0.011289,            0.014436,             0.00937,             0.00937,             0.00937
                  23,            0.023742,            0.014508,            0.015395,             0.50233,             0.98862,             0.55247,             0.44719,            0.015627,            0.010789,            0.014449,             0.00934,             0.00934,             0.00934
                  24,            0.023425,            0.014255,            0.015381,             0.50274,             0.98884,              0.5692,             0.46127,             0.01581,            0.010561,            0.014278,             0.00931,             0.00931,             0.00931
                  25,            0.022812,            0.014159,            0.015314,             0.50241,             0.98466,             0.56522,             0.44279,            0.017617,            0.011151,             0.01425,             0.00928,             0.00928,             0.00928
                  26,            0.023095,            0.014323,            0.015254,             0.50063,             0.97578,             0.56995,             0.46011,            0.015845,            0.011048,            0.014294,             0.00925,             0.00925,             0.00925
                  27,            0.022404,            0.014091,            0.015114,             0.50629,             0.97799,             0.58481,             0.45485,            0.016926,            0.011247,            0.014411,             0.00922,             0.00922,             0.00922
                  28,            0.022534,            0.013771,            0.014934,             0.49916,             0.97684,             0.58505,             0.46963,            0.016215,            0.011172,            0.014564,             0.00919,             0.00919,             0.00919
                  29,            0.022445,            0.014022,            0.014589,             0.53542,             0.90009,             0.65635,             0.53341,            0.015447,            0.010714,            0.014357,             0.00916,             0.00916,             0.00916
                  30,            0.022273,            0.013787,            0.014026,              0.5779,             0.86377,               0.679,             0.55065,            0.016303,            0.010447,            0.013433,             0.00913,             0.00913,             0.00913
                  31,            0.022763,            0.013837,            0.012878,             0.53283,             0.91179,             0.67113,             0.52578,            0.017725,             0.01106,            0.016518,              0.0091,              0.0091,              0.0091
                  32,            0.022423,             0.01391,            0.011969,             0.57003,             0.87777,             0.70303,             0.55913,            0.016488,            0.011013,            0.013147,             0.00907,             0.00907,             0.00907
                  33,            0.022904,            0.014332,            0.011122,             0.55936,             0.82938,             0.69543,             0.54106,             0.01742,            0.011847,            0.015028,             0.00904,             0.00904,             0.00904
                  34,            0.022097,            0.013899,            0.010669,              0.5873,              0.8885,              0.7508,             0.59493,            0.017513,             0.01154,            0.012371,             0.00901,             0.00901,             0.00901
                  35,            0.022454,            0.014052,            0.010312,             0.73045,             0.82416,             0.85319,             0.67656,            0.017186,            0.010946,            0.010613,             0.00898,             0.00898,             0.00898
                  36,            0.022716,            0.014293,           0.0093217,             0.69845,             0.87086,             0.84154,              0.6818,            0.016177,             0.01097,            0.010384,             0.00895,             0.00895,             0.00895
                  37,            0.022302,            0.014095,           0.0094778,             0.74367,             0.85544,             0.88634,             0.71444,            0.016572,            0.011534,             0.01045,             0.00892,             0.00892,             0.00892
                  38,            0.022179,            0.014094,           0.0091649,             0.72088,             0.82569,             0.85082,              0.6844,            0.016467,            0.010478,            0.011008,             0.00889,             0.00889,             0.00889
                  39,             0.02246,            0.013937,           0.0088788,             0.54548,             0.90015,             0.73025,             0.56657,            0.018367,            0.012618,            0.016145,             0.00886,             0.00886,             0.00886
                  40,            0.022087,            0.013669,           0.0084409,             0.75018,                0.85,             0.87066,             0.71026,            0.015537,            0.010672,            0.010728,             0.00883,             0.00883,             0.00883
                  41,            0.022246,            0.013764,           0.0083611,             0.69968,             0.88472,             0.88742,             0.70309,            0.017006,            0.010885,            0.011103,              0.0088,              0.0088,              0.0088
                  42,            0.021918,            0.013572,           0.0081203,             0.66582,              0.8386,             0.80751,             0.64155,            0.016746,            0.011281,            0.012175,             0.00877,             0.00877,             0.00877
                  43,            0.021877,            0.013666,           0.0078405,             0.81956,             0.87499,              0.9106,             0.74142,            0.015271,             0.01047,           0.0085794,             0.00874,             0.00874,             0.00874
                  44,            0.021505,            0.013407,           0.0077921,             0.76403,             0.85157,             0.89893,             0.73303,            0.015932,            0.010392,            0.010989,             0.00871,             0.00871,             0.00871
                  45,            0.021561,            0.013463,           0.0070867,             0.82277,             0.84613,              0.9095,             0.73496,            0.016317,            0.011067,           0.0086314,             0.00868,             0.00868,             0.00868
                  46,            0.021131,            0.013373,           0.0072667,             0.75167,             0.90231,             0.91758,             0.74191,             0.01617,            0.010715,           0.0098005,             0.00865,             0.00865,             0.00865
                  47,            0.021318,            0.013388,           0.0071031,             0.80188,             0.82851,             0.88997,             0.71387,            0.016381,            0.011181,            0.010385,             0.00862,             0.00862,             0.00862
                  48,            0.021529,            0.013376,           0.0069608,             0.78575,             0.88453,             0.91568,             0.75422,            0.015241,            0.010509,           0.0091075,             0.00859,             0.00859,             0.00859
                  49,            0.020883,            0.013322,           0.0067667,             0.80405,             0.84937,             0.89778,             0.73772,            0.015617,            0.010901,           0.0090997,             0.00856,             0.00856,             0.00856
                  50,            0.021369,            0.013327,           0.0066346,             0.82763,             0.86221,             0.92959,             0.76356,            0.016233,            0.010785,           0.0089385,             0.00853,             0.00853,             0.00853
                  51,            0.020672,            0.013032,           0.0063966,             0.83656,             0.85691,             0.92416,             0.75901,            0.016468,            0.011314,           0.0089864,              0.0085,              0.0085,              0.0085
                  52,            0.020825,            0.013169,            0.006844,             0.81474,             0.86594,             0.92068,             0.73085,            0.017386,             0.01137,           0.0086214,             0.00847,             0.00847,             0.00847
                  53,             0.02088,            0.013036,           0.0065017,             0.86576,             0.90678,             0.95147,             0.77326,            0.015392,            0.010553,            0.006693,             0.00844,             0.00844,             0.00844
                  54,             0.02091,            0.013115,           0.0064523,             0.84033,             0.87917,             0.93101,             0.74726,            0.015501,            0.010441,           0.0082741,             0.00841,             0.00841,             0.00841
                  55,            0.020439,            0.012852,           0.0058845,             0.81485,             0.87936,             0.91184,             0.74334,            0.015832,            0.010616,           0.0099729,             0.00838,             0.00838,             0.00838
                  56,            0.020663,            0.013002,           0.0059061,             0.87497,             0.86719,              0.9398,             0.77145,            0.015403,             0.01063,           0.0080445,             0.00835,             0.00835,             0.00835
                  57,            0.020688,            0.013185,           0.0057383,             0.87554,             0.88208,             0.94484,             0.77376,            0.014972,            0.010298,           0.0081604,             0.00832,             0.00832,             0.00832
                  58,            0.020329,             0.01295,           0.0059371,             0.82078,             0.88063,             0.93145,             0.75612,            0.015713,            0.010569,           0.0077766,             0.00829,             0.00829,             0.00829
                  59,            0.020215,            0.012859,           0.0060039,             0.83318,             0.89465,             0.93118,             0.76837,            0.015302,            0.010958,           0.0084421,             0.00826,             0.00826,             0.00826
                  60,            0.020155,            0.012834,           0.0058547,             0.80979,              0.8686,             0.91802,             0.73645,            0.016357,            0.010715,           0.0081487,             0.00823,             0.00823,             0.00823
                  61,            0.020477,            0.012841,           0.0055848,             0.79386,              0.8331,             0.90503,             0.72714,            0.015418,            0.010369,            0.011046,              0.0082,              0.0082,              0.0082
                  62,            0.020317,            0.012777,           0.0053882,             0.76615,             0.85045,              0.8832,             0.71773,            0.016332,            0.011063,            0.010208,             0.00817,             0.00817,             0.00817
                  63,            0.020332,            0.013047,           0.0056411,             0.89995,             0.90847,             0.96405,             0.80014,            0.014795,            0.010523,           0.0065435,             0.00814,             0.00814,             0.00814
                  64,            0.020021,            0.012656,           0.0050745,             0.82806,             0.90602,             0.93437,             0.75814,             0.01519,             0.01023,           0.0079314,             0.00811,             0.00811,             0.00811
                  65,            0.019992,            0.012774,           0.0057209,              0.8684,             0.87953,             0.94233,             0.76016,            0.015458,             0.01046,           0.0079319,             0.00808,             0.00808,             0.00808
                  66,            0.020065,            0.012755,           0.0052993,             0.85216,             0.90885,             0.94789,             0.77653,            0.015033,            0.010085,           0.0081717,             0.00805,             0.00805,             0.00805
                  67,            0.019872,            0.012372,           0.0050278,             0.88882,             0.88986,             0.95427,             0.76349,            0.015795,            0.010948,           0.0068215,             0.00802,             0.00802,             0.00802
                  68,            0.019591,            0.012288,           0.0052073,             0.81872,             0.90292,             0.93327,             0.76869,            0.014854,            0.010746,            0.007824,             0.00799,             0.00799,             0.00799
                  69,            0.019779,            0.012632,           0.0050149,             0.86511,             0.90877,             0.96248,             0.77813,            0.016181,            0.011088,           0.0072323,             0.00796,             0.00796,             0.00796
                  70,            0.019691,            0.012548,           0.0047958,             0.86139,             0.89126,             0.94312,             0.77759,            0.015983,            0.011002,           0.0068794,             0.00793,             0.00793,             0.00793
                  71,            0.019573,            0.012285,           0.0048724,             0.86235,             0.89226,             0.94393,             0.77229,             0.01547,            0.010763,           0.0079166,              0.0079,              0.0079,              0.0079
                  72,             0.01972,            0.012542,           0.0051218,             0.90659,             0.92016,             0.95931,             0.77976,            0.015526,            0.010756,           0.0072788,             0.00787,             0.00787,             0.00787
                  73,            0.019458,            0.012192,            0.004934,             0.87962,             0.92237,             0.95978,             0.79451,            0.015171,            0.010829,           0.0064961,             0.00784,             0.00784,             0.00784
                  74,            0.019774,             0.01223,           0.0047764,             0.83802,             0.89586,             0.94011,             0.76321,            0.015725,            0.011141,           0.0092005,             0.00781,             0.00781,             0.00781
                  75,            0.019413,            0.012223,           0.0048628,             0.84779,             0.85082,             0.92131,              0.7435,            0.016101,            0.011254,           0.0082307,             0.00778,             0.00778,             0.00778
                  76,             0.01927,            0.012362,            0.004291,             0.87384,             0.90642,             0.95431,             0.77268,            0.015583,            0.010628,           0.0073496,             0.00775,             0.00775,             0.00775
                  77,            0.019056,            0.012115,           0.0043517,              0.8613,              0.9034,             0.95317,             0.77981,            0.015063,            0.010362,           0.0074315,             0.00772,             0.00772,             0.00772
                  78,            0.019314,            0.012024,           0.0045677,             0.90874,             0.91157,             0.95883,             0.78711,              0.0154,            0.010803,           0.0067562,             0.00769,             0.00769,             0.00769
                  79,            0.018959,            0.012192,           0.0042849,              0.8486,             0.88975,             0.93899,             0.76223,            0.015131,            0.010884,           0.0075393,             0.00766,             0.00766,             0.00766
                  80,            0.019049,             0.01206,           0.0043708,             0.85285,              0.8897,             0.94769,             0.76908,            0.015072,            0.010789,           0.0078179,             0.00763,             0.00763,             0.00763
                  81,            0.018736,            0.012239,           0.0045362,              0.8641,             0.91709,             0.95577,             0.78043,            0.015232,            0.010514,           0.0069526,              0.0076,              0.0076,              0.0076
                  82,            0.019149,            0.012371,           0.0044662,             0.89853,               0.911,             0.96194,             0.78506,            0.014935,            0.010567,           0.0067373,             0.00757,             0.00757,             0.00757
                  83,            0.018846,            0.012102,           0.0038367,             0.91057,             0.92375,             0.96825,             0.79651,            0.015076,            0.010467,           0.0071124,             0.00754,             0.00754,             0.00754
                  84,            0.018837,            0.012157,            0.004688,             0.86612,             0.90142,             0.94615,             0.76806,            0.015416,            0.010339,           0.0071372,             0.00751,             0.00751,             0.00751
                  85,            0.018728,             0.01207,           0.0042795,             0.93359,             0.93935,              0.9724,             0.79456,            0.015046,            0.010655,           0.0050304,             0.00748,             0.00748,             0.00748
                  86,            0.018848,            0.011905,           0.0042863,             0.87879,             0.89971,             0.95604,             0.77816,            0.015468,            0.010528,           0.0063553,             0.00745,             0.00745,             0.00745
                  87,            0.018849,            0.012097,           0.0046091,             0.86151,             0.91769,             0.94743,             0.77634,            0.014976,            0.010122,           0.0068563,             0.00742,             0.00742,             0.00742
                  88,            0.018786,            0.012106,           0.0043214,             0.88206,             0.90665,             0.95453,             0.77666,            0.014897,            0.010256,            0.006764,             0.00739,             0.00739,             0.00739
                  89,            0.018792,            0.012109,           0.0041515,             0.89103,             0.90123,             0.94809,             0.76527,            0.015578,            0.010718,           0.0069186,             0.00736,             0.00736,             0.00736
                  90,             0.01888,            0.012224,            0.004006,             0.91871,             0.90682,             0.96673,             0.78689,            0.015254,            0.010684,           0.0068549,             0.00733,             0.00733,             0.00733
                  91,            0.018803,            0.012157,           0.0041238,             0.88885,             0.91417,              0.9611,             0.78607,            0.015246,            0.010467,           0.0069537,              0.0073,              0.0073,              0.0073
                  92,            0.018272,            0.011946,           0.0039731,             0.88456,             0.90999,             0.95526,             0.78302,            0.014987,            0.010455,           0.0067129,             0.00727,             0.00727,             0.00727
                  93,            0.018426,            0.011743,           0.0041462,             0.92845,              0.9359,              0.9769,             0.78826,            0.015943,            0.010765,           0.0050074,             0.00724,             0.00724,             0.00724
                  94,            0.018422,            0.012056,           0.0039344,             0.92642,             0.91497,             0.96922,             0.79521,            0.015427,            0.010494,           0.0054269,             0.00721,             0.00721,             0.00721
                  95,             0.01857,            0.011869,           0.0037807,             0.93208,             0.93603,             0.97566,             0.79196,            0.015017,            0.010533,           0.0050421,             0.00718,             0.00718,             0.00718
                  96,            0.018611,            0.012021,           0.0040985,             0.92915,             0.90841,             0.96175,             0.78293,            0.015707,            0.010613,           0.0053214,             0.00715,             0.00715,             0.00715
                  97,            0.018142,            0.011633,           0.0034584,             0.92495,             0.91251,             0.96487,             0.79566,            0.015107,            0.010713,           0.0056729,             0.00712,             0.00712,             0.00712
                  98,            0.018169,            0.011583,           0.0036874,             0.91998,              0.9385,             0.97472,              0.8018,            0.014748,            0.010249,           0.0060396,             0.00709,             0.00709,             0.00709
                  99,            0.018372,            0.012122,           0.0037559,             0.90605,             0.94258,             0.96801,             0.78777,            0.015141,            0.011065,           0.0056658,             0.00706,             0.00706,             0.00706
                 100,             0.01805,            0.011857,           0.0037039,             0.93132,              0.9164,             0.97425,              0.8012,            0.014849,             0.01043,           0.0052238,             0.00703,             0.00703,             0.00703
                 101,            0.018301,            0.011711,           0.0035621,             0.93941,             0.92664,             0.97366,             0.79664,            0.014978,            0.010693,           0.0058016,               0.007,               0.007,               0.007
                 102,            0.018205,            0.011525,           0.0033767,             0.92876,              0.9344,             0.97053,              0.8021,            0.014919,            0.010707,           0.0055512,             0.00697,             0.00697,             0.00697
                 103,            0.018281,            0.011447,           0.0035213,             0.93028,              0.9435,             0.97822,             0.79276,             0.01556,             0.01056,           0.0050202,             0.00694,             0.00694,             0.00694
                 104,            0.017815,            0.011606,           0.0032803,             0.93068,             0.91883,             0.96946,             0.79562,            0.015327,            0.010881,           0.0051675,             0.00691,             0.00691,             0.00691
                 105,            0.018154,            0.011566,           0.0035192,             0.92144,             0.92712,             0.97455,             0.80281,            0.014993,            0.010508,           0.0051564,             0.00688,             0.00688,             0.00688
                 106,            0.018034,            0.011435,            0.003592,             0.94672,             0.92808,             0.97649,             0.80061,            0.015055,              0.0107,           0.0056143,             0.00685,             0.00685,             0.00685
                 107,            0.018122,            0.011696,           0.0034756,             0.93469,             0.92859,              0.9765,             0.80128,            0.015282,            0.010867,           0.0052309,             0.00682,             0.00682,             0.00682
                 108,             0.01809,            0.011566,           0.0035909,             0.93593,             0.91464,             0.96651,             0.78827,             0.01523,            0.010935,           0.0053872,             0.00679,             0.00679,             0.00679
                 109,            0.018125,            0.011638,           0.0033153,             0.92555,             0.93068,             0.97188,              0.7963,            0.015079,            0.010639,           0.0052226,             0.00676,             0.00676,             0.00676
                 110,            0.017808,            0.011322,           0.0035111,             0.88929,             0.92379,             0.96584,             0.79051,            0.015533,            0.010865,           0.0060797,             0.00673,             0.00673,             0.00673
                 111,            0.018026,            0.011759,           0.0036118,             0.89558,               0.919,             0.96294,             0.79267,            0.014824,            0.010082,           0.0058468,              0.0067,              0.0067,              0.0067
                 112,            0.017681,            0.011526,           0.0035836,             0.93167,             0.93191,             0.97595,             0.80294,            0.014686,            0.010229,           0.0048733,             0.00667,             0.00667,             0.00667
                 113,            0.017574,            0.011389,           0.0035487,             0.94936,             0.94526,             0.98183,             0.80797,            0.014917,            0.010588,           0.0044593,             0.00664,             0.00664,             0.00664
                 114,            0.017637,            0.011437,           0.0032858,             0.92206,             0.92985,             0.97482,              0.8016,            0.014784,            0.010452,           0.0057986,             0.00661,             0.00661,             0.00661
                 115,            0.017532,            0.011297,           0.0033165,             0.91723,              0.9262,             0.96946,             0.79725,            0.014859,            0.010395,           0.0060684,             0.00658,             0.00658,             0.00658
                 116,            0.017504,             0.01157,           0.0031794,              0.9128,             0.93328,             0.97371,             0.80435,            0.014956,            0.010495,           0.0053436,             0.00655,             0.00655,             0.00655
                 117,            0.017532,            0.011494,           0.0031705,             0.92454,             0.93703,             0.97905,             0.80524,            0.015237,            0.010562,           0.0056355,             0.00652,             0.00652,             0.00652
                 118,            0.017287,            0.011079,           0.0032769,             0.93109,             0.92562,             0.97396,             0.80252,            0.014904,            0.010599,           0.0057642,             0.00649,             0.00649,             0.00649
                 119,            0.017452,            0.011292,           0.0029688,             0.93099,             0.93566,             0.97871,             0.80223,            0.015242,            0.010649,           0.0059304,             0.00646,             0.00646,             0.00646
                 120,            0.017299,            0.011145,           0.0031795,             0.93527,             0.92357,             0.97392,             0.80363,            0.015229,            0.010548,           0.0056072,             0.00643,             0.00643,             0.00643
                 121,            0.017767,             0.01134,            0.003604,             0.91531,             0.90489,             0.96599,             0.79256,            0.015468,            0.010492,           0.0062413,              0.0064,              0.0064,              0.0064
                 122,            0.017418,             0.01126,           0.0029528,             0.89139,             0.93814,             0.96389,             0.79102,            0.015408,            0.010765,           0.0059733,             0.00637,             0.00637,             0.00637
                 123,            0.017462,            0.011244,           0.0033166,             0.92696,               0.937,             0.97506,             0.79806,            0.014974,            0.010568,           0.0053862,             0.00634,             0.00634,             0.00634
                 124,            0.017612,            0.011313,            0.003201,             0.90898,             0.92506,             0.96765,             0.79579,            0.015089,            0.010697,           0.0060498,             0.00631,             0.00631,             0.00631
                 125,            0.017384,            0.011199,           0.0030677,             0.91509,             0.91639,             0.95988,             0.79213,            0.015021,             0.01064,             0.00578,             0.00628,             0.00628,             0.00628
                 126,            0.017155,            0.011203,           0.0031435,             0.92922,             0.92622,             0.97579,             0.80631,             0.01517,            0.010569,            0.005222,             0.00625,             0.00625,             0.00625
                 127,             0.01719,            0.010967,           0.0027734,             0.92587,             0.93981,             0.97751,             0.79775,            0.015384,            0.010631,           0.0052606,             0.00622,             0.00622,             0.00622
                 128,            0.017524,             0.01144,           0.0031257,             0.90988,             0.93545,              0.9692,             0.79746,            0.015138,            0.010418,           0.0057246,             0.00619,             0.00619,             0.00619
                 129,            0.016989,             0.01119,           0.0031696,             0.90187,             0.95062,             0.97245,             0.80286,            0.015212,            0.010547,           0.0054215,             0.00616,             0.00616,             0.00616
                 130,            0.017315,            0.011215,           0.0031499,             0.91466,             0.92515,             0.96907,             0.79398,            0.015525,            0.010897,           0.0056827,             0.00613,             0.00613,             0.00613
                 131,            0.017147,             0.01126,            0.003078,             0.93223,             0.94585,             0.97855,             0.80569,            0.015411,            0.010733,           0.0054567,              0.0061,              0.0061,              0.0061
                 132,            0.017467,            0.011409,           0.0035741,             0.93344,             0.93726,              0.9761,             0.80807,            0.014765,            0.010181,           0.0052606,             0.00607,             0.00607,             0.00607
                 133,            0.017138,            0.011054,            0.003271,             0.94142,             0.94845,             0.98054,             0.81034,            0.014973,            0.010623,           0.0050511,             0.00604,             0.00604,             0.00604
                 134,             0.01726,            0.011127,           0.0032814,             0.94442,             0.92923,             0.97606,             0.80421,            0.015247,            0.011015,           0.0053483,             0.00601,             0.00601,             0.00601
                 135,            0.016953,            0.011072,           0.0030396,             0.91702,             0.94246,             0.97297,             0.80334,            0.015185,            0.010979,           0.0058204,             0.00598,             0.00598,             0.00598
                 136,            0.016761,            0.010857,           0.0035027,             0.92984,             0.94458,             0.97377,             0.80543,            0.015215,            0.010866,           0.0057894,             0.00595,             0.00595,             0.00595
                 137,            0.017278,            0.011134,           0.0030099,             0.92132,             0.94184,             0.97274,             0.80401,            0.014966,            0.010625,           0.0058751,             0.00592,             0.00592,             0.00592
                 138,            0.017135,            0.011373,           0.0029337,             0.90763,             0.94816,             0.97254,             0.80479,            0.014863,            0.010539,           0.0054433,             0.00589,             0.00589,             0.00589
                 139,            0.017285,            0.011085,           0.0031768,             0.92521,             0.93177,             0.97371,             0.80187,            0.015287,            0.010987,           0.0053713,             0.00586,             0.00586,             0.00586
                 140,            0.016765,            0.010991,           0.0026819,             0.93583,             0.92767,             0.97517,             0.80012,            0.015313,            0.011095,            0.005778,             0.00583,             0.00583,             0.00583
                 141,            0.016857,            0.010973,           0.0024775,              0.9325,             0.93268,             0.97625,             0.80219,            0.014911,            0.010869,           0.0053009,              0.0058,              0.0058,              0.0058
                 142,            0.016917,            0.011037,           0.0027637,             0.94721,             0.93282,             0.98093,             0.81174,            0.014858,            0.011075,           0.0053428,             0.00577,             0.00577,             0.00577
                 143,            0.016726,            0.011099,           0.0025916,             0.91655,             0.95347,             0.97839,             0.80751,            0.014512,            0.010548,           0.0057399,             0.00574,             0.00574,             0.00574
                 144,            0.017193,            0.011035,           0.0030244,              0.9373,             0.94372,             0.98121,               0.808,            0.014728,            0.010912,           0.0056654,             0.00571,             0.00571,             0.00571
                 145,            0.016876,            0.010883,           0.0029683,             0.95162,             0.93489,             0.98215,             0.81265,            0.014536,            0.010908,           0.0057488,             0.00568,             0.00568,             0.00568
                 146,            0.016884,            0.010995,           0.0031516,             0.95053,             0.93984,             0.98172,             0.81385,            0.014877,            0.011131,           0.0053765,             0.00565,             0.00565,             0.00565
                 147,            0.017039,            0.011146,           0.0029608,             0.94849,             0.94417,             0.97945,             0.80702,            0.014914,            0.011134,           0.0051949,             0.00562,             0.00562,             0.00562
                 148,            0.016648,            0.011006,           0.0027255,              0.9596,             0.93062,              0.9797,             0.81195,            0.014872,            0.011094,           0.0050296,             0.00559,             0.00559,             0.00559
                 149,            0.016763,            0.010968,           0.0029296,             0.95099,             0.94847,             0.98307,             0.81441,            0.014869,            0.010898,            0.005112,             0.00556,             0.00556,             0.00556
                 150,            0.016677,            0.010924,           0.0026039,             0.95339,             0.95761,             0.98456,             0.81489,            0.014639,            0.010219,           0.0050491,             0.00553,             0.00553,             0.00553
                 151,            0.016411,            0.010853,            0.002593,             0.95535,             0.94589,             0.98562,             0.81104,            0.014891,            0.010309,           0.0048134,              0.0055,              0.0055,              0.0055
                 152,            0.016774,            0.010845,           0.0024049,             0.93033,              0.9618,             0.98231,             0.81194,            0.014847,            0.010489,           0.0047327,             0.00547,             0.00547,             0.00547
                 153,            0.016591,            0.010975,           0.0024454,              0.9368,             0.95367,             0.98309,             0.80953,            0.014948,            0.010535,           0.0047535,             0.00544,             0.00544,             0.00544
                 154,            0.016409,            0.010813,           0.0025618,             0.93734,             0.95718,             0.98211,             0.81063,            0.014945,            0.010752,           0.0045651,             0.00541,             0.00541,             0.00541
                 155,            0.016519,            0.010982,           0.0025426,              0.9293,             0.94654,             0.97888,             0.80623,            0.015079,            0.011076,           0.0048789,             0.00538,             0.00538,             0.00538
                 156,            0.016408,            0.010788,           0.0025495,             0.95366,             0.94487,             0.98319,             0.80906,            0.015003,            0.010891,            0.004513,             0.00535,             0.00535,             0.00535
                 157,            0.016311,            0.010684,           0.0025201,             0.92691,             0.94613,             0.98366,             0.81252,            0.014899,            0.010798,           0.0051476,             0.00532,             0.00532,             0.00532
                 158,            0.016612,            0.010928,           0.0027387,             0.91893,             0.94136,             0.98006,             0.80963,            0.014968,            0.010831,           0.0054054,             0.00529,             0.00529,             0.00529
                 159,            0.016631,            0.010908,           0.0027308,             0.93728,             0.92599,             0.97765,             0.80849,            0.014969,            0.010747,           0.0049125,             0.00526,             0.00526,             0.00526
                 160,            0.016581,            0.010611,           0.0027371,             0.91842,              0.9469,             0.97961,             0.81067,            0.014902,            0.010581,           0.0049745,             0.00523,             0.00523,             0.00523
                 161,            0.016395,            0.010642,           0.0027258,             0.93097,             0.95212,             0.98417,             0.81586,             0.01498,            0.010545,           0.0047627,              0.0052,              0.0052,              0.0052
                 162,            0.016281,            0.010677,           0.0027274,             0.95314,             0.95467,             0.98541,             0.82024,             0.01486,             0.01052,           0.0040299,             0.00517,             0.00517,             0.00517
                 163,             0.01658,            0.010763,           0.0027227,             0.96118,             0.94119,             0.98436,             0.81576,            0.014925,            0.010497,           0.0038189,             0.00514,             0.00514,             0.00514
                 164,            0.016443,            0.010924,           0.0026867,             0.95944,             0.93292,             0.98297,             0.81186,            0.015052,            0.010426,           0.0042754,             0.00511,             0.00511,             0.00511
                 165,            0.016279,             0.01072,           0.0024794,             0.94457,             0.94721,             0.98075,             0.80845,            0.014954,             0.01033,           0.0046417,             0.00508,             0.00508,             0.00508
                 166,            0.016382,            0.010734,           0.0024489,             0.93263,              0.9508,             0.97932,             0.80692,            0.014929,            0.010542,           0.0047502,             0.00505,             0.00505,             0.00505
                 167,            0.016742,            0.010695,           0.0029579,              0.9293,              0.9557,             0.98177,             0.80856,            0.014943,            0.010565,            0.004584,             0.00502,             0.00502,             0.00502
                 168,            0.016318,            0.010523,            0.002809,             0.95776,             0.94036,             0.98251,             0.81184,             0.01486,            0.010776,           0.0046892,             0.00499,             0.00499,             0.00499
                 169,            0.016282,            0.010656,           0.0028865,             0.96715,             0.94242,             0.98275,             0.81164,            0.014788,            0.010744,           0.0045258,             0.00496,             0.00496,             0.00496
                 170,            0.016085,            0.010592,           0.0023051,             0.95027,             0.95195,             0.98233,             0.81211,            0.014732,            0.010876,           0.0044265,             0.00493,             0.00493,             0.00493
                 171,            0.016267,             0.01065,           0.0024048,             0.94683,             0.94648,              0.9817,             0.81181,            0.014722,            0.010974,           0.0044399,              0.0049,              0.0049,              0.0049
                 172,            0.016081,             0.01063,           0.0022536,              0.9674,             0.93728,             0.98165,             0.81373,            0.014744,             0.01112,           0.0045459,             0.00487,             0.00487,             0.00487
                 173,            0.016208,            0.010457,           0.0025226,             0.96288,             0.93695,             0.98033,             0.81273,            0.014795,            0.011072,           0.0047391,             0.00484,             0.00484,             0.00484
                 174,            0.016055,            0.010432,           0.0025212,             0.94629,             0.94781,             0.97927,             0.81077,             0.01483,            0.011076,           0.0048488,             0.00481,             0.00481,             0.00481
                 175,            0.016087,            0.010565,           0.0031412,              0.9559,             0.93187,             0.97785,             0.80861,            0.014815,            0.011107,           0.0049666,             0.00478,             0.00478,             0.00478
                 176,            0.016095,            0.010649,           0.0024134,             0.94874,             0.94591,             0.97942,             0.81347,            0.014684,            0.010871,           0.0048055,             0.00475,             0.00475,             0.00475
                 177,            0.016034,            0.010584,           0.0023597,             0.95592,             0.93656,             0.97792,             0.80861,            0.014717,            0.010809,           0.0049391,             0.00472,             0.00472,             0.00472
                 178,            0.015998,            0.010597,           0.0024121,             0.95737,             0.93471,             0.97779,             0.80819,            0.014752,            0.010822,           0.0048984,             0.00469,             0.00469,             0.00469
                 179,            0.016248,            0.010622,           0.0026044,             0.94729,             0.94466,             0.97875,             0.80889,            0.014748,            0.010727,           0.0047246,             0.00466,             0.00466,             0.00466
                 180,            0.016108,            0.010571,           0.0023738,             0.95009,             0.94232,             0.97664,             0.80662,            0.014685,            0.010648,           0.0046429,             0.00463,             0.00463,             0.00463
                 181,            0.015993,            0.010405,            0.002505,             0.94917,             0.93635,             0.97557,             0.80593,            0.014774,            0.010604,           0.0045934,              0.0046,              0.0046,              0.0046
                 182,            0.015851,            0.010443,           0.0023501,              0.9437,             0.94887,             0.97745,             0.80634,            0.014737,            0.010611,           0.0046218,             0.00457,             0.00457,             0.00457
                 183,            0.015962,             0.01043,           0.0026839,             0.96054,             0.93981,             0.97831,             0.80717,            0.014672,            0.010648,            0.004515,             0.00454,             0.00454,             0.00454
                 184,            0.016079,            0.010318,           0.0021324,             0.95824,             0.93479,             0.97776,             0.80754,            0.014673,             0.01071,           0.0045678,             0.00451,             0.00451,             0.00451
                 185,            0.015567,            0.010359,           0.0020486,             0.95973,             0.93452,             0.97764,             0.80841,            0.014583,            0.010771,           0.0045929,             0.00448,             0.00448,             0.00448
                 186,            0.015728,            0.010522,           0.0023567,             0.94738,             0.94371,             0.97662,             0.80701,            0.014628,            0.010723,           0.0048003,             0.00445,             0.00445,             0.00445
                 187,            0.015952,            0.010518,           0.0024432,              0.9551,             0.93973,             0.97704,             0.80639,            0.014696,            0.010849,           0.0047964,             0.00442,             0.00442,             0.00442
                 188,            0.015748,            0.010483,           0.0021857,             0.95124,             0.93886,             0.97866,             0.80882,            0.014585,            0.010699,           0.0047172,             0.00439,             0.00439,             0.00439
                 189,            0.015833,            0.010464,           0.0025059,              0.9374,             0.94567,             0.97703,             0.80559,            0.014629,            0.010844,           0.0046151,             0.00436,             0.00436,             0.00436
                 190,            0.015719,            0.010413,            0.002404,             0.94728,             0.94396,             0.97977,             0.80928,            0.014514,            0.010765,           0.0045159,             0.00433,             0.00433,             0.00433
                 191,            0.015536,            0.010502,           0.0020755,             0.94365,              0.9439,             0.97928,             0.80682,              0.0146,            0.011006,           0.0044544,              0.0043,              0.0043,              0.0043
                 192,            0.015588,            0.010308,           0.0021024,             0.94285,             0.94337,             0.97874,             0.80777,            0.014609,            0.011151,           0.0045359,             0.00427,             0.00427,             0.00427
                 193,            0.015558,            0.010421,           0.0021835,              0.9507,             0.93502,             0.97854,             0.80798,            0.014618,            0.011031,           0.0046755,             0.00424,             0.00424,             0.00424
                 194,             0.01534,            0.010154,           0.0020206,              0.9473,             0.93488,             0.97891,             0.80877,            0.014609,            0.010908,            0.004739,             0.00421,             0.00421,             0.00421
                 195,            0.015695,              0.0105,           0.0023643,             0.95447,             0.92863,             0.98117,              0.8113,            0.014725,            0.010934,           0.0045644,             0.00418,             0.00418,             0.00418
                 196,            0.015616,            0.010598,           0.0021652,             0.95022,             0.93302,             0.98027,             0.81038,            0.014774,            0.010916,           0.0046376,             0.00415,             0.00415,             0.00415
                 197,            0.015578,            0.010262,             0.00217,             0.94832,             0.93073,             0.97872,             0.80899,            0.014827,            0.010965,           0.0047087,             0.00412,             0.00412,             0.00412
                 198,            0.015399,            0.010092,           0.0020387,              0.9469,             0.92984,             0.97788,             0.80655,            0.014813,            0.010982,           0.0047263,             0.00409,             0.00409,             0.00409
                 199,            0.015303,            0.010305,           0.0020278,             0.93707,             0.93613,             0.97469,             0.80386,            0.014871,            0.010972,           0.0048222,             0.00406,             0.00406,             0.00406
                 200,            0.015614,            0.010199,           0.0023779,             0.93804,             0.93129,              0.9736,             0.80175,            0.014886,            0.011012,           0.0048744,             0.00403,             0.00403,             0.00403
                 201,            0.015201,            0.010425,           0.0019867,             0.94505,             0.92457,             0.97203,             0.79912,            0.014898,            0.011053,           0.0049405,               0.004,               0.004,               0.004
                 202,            0.015216,            0.010116,           0.0018186,             0.92882,             0.93306,              0.9697,             0.79708,            0.014934,             0.01107,           0.0051167,             0.00397,             0.00397,             0.00397
                 203,            0.015383,            0.010316,           0.0022575,             0.93207,             0.93188,             0.97243,             0.79962,            0.014877,            0.011022,           0.0051447,             0.00394,             0.00394,             0.00394
                 204,            0.015339,            0.010021,           0.0019384,             0.92798,             0.93934,             0.97416,             0.80029,             0.01491,            0.011039,           0.0050859,             0.00391,             0.00391,             0.00391
                 205,            0.015311,            0.010049,           0.0021227,             0.93741,              0.9317,             0.97413,             0.80248,            0.014871,            0.010978,           0.0051227,             0.00388,             0.00388,             0.00388
                 206,            0.015407,            0.010181,           0.0022325,              0.9501,             0.91762,             0.97441,              0.8039,            0.014872,            0.010964,           0.0051376,             0.00385,             0.00385,             0.00385
                 207,            0.015472,            0.010178,           0.0020135,             0.94701,             0.92433,             0.97548,              0.8035,            0.014859,             0.01096,           0.0051155,             0.00382,             0.00382,             0.00382
                 208,            0.015258,            0.010148,           0.0022242,             0.95121,             0.92319,             0.97399,             0.80402,            0.014882,            0.011066,           0.0051835,             0.00379,             0.00379,             0.00379
                 209,            0.015052,           0.0099923,           0.0018311,                0.95,             0.92525,             0.97495,             0.80466,            0.014846,            0.011051,           0.0051194,             0.00376,             0.00376,             0.00376
                 210,            0.015075,            0.010024,           0.0022086,             0.94903,             0.92534,             0.97547,             0.80628,            0.014845,            0.011083,           0.0050452,             0.00373,             0.00373,             0.00373
                 211,            0.015315,            0.010005,           0.0022803,             0.95163,             0.92665,             0.97855,             0.80998,            0.014796,            0.011098,           0.0047468,              0.0037,              0.0037,              0.0037
                 212,             0.01536,            0.010208,           0.0018375,              0.9377,               0.944,             0.97986,             0.81033,             0.01482,            0.011109,           0.0046058,             0.00367,             0.00367,             0.00367
                 213,            0.015303,            0.010212,           0.0020365,             0.95653,             0.92832,              0.9805,             0.81013,            0.014866,            0.011147,           0.0046248,             0.00364,             0.00364,             0.00364
                 214,            0.015183,            0.010219,           0.0020365,             0.95329,             0.92564,              0.9791,             0.80909,            0.014884,            0.011135,           0.0048378,             0.00361,             0.00361,             0.00361
                 215,            0.015226,             0.01001,           0.0018668,              0.9487,             0.92677,             0.97832,             0.80786,            0.014906,            0.011192,            0.004931,             0.00358,             0.00358,             0.00358
                 216,            0.015028,             0.01009,           0.0018186,             0.93576,             0.93724,             0.97789,             0.80727,            0.014919,            0.011247,           0.0049833,             0.00355,             0.00355,             0.00355
                 217,            0.014934,             0.01009,           0.0018094,             0.93044,             0.94147,             0.97711,             0.80717,             0.01493,            0.011291,           0.0050798,             0.00352,             0.00352,             0.00352
                 218,            0.015032,            0.010211,           0.0019629,             0.93902,             0.93554,             0.97677,             0.80728,             0.01495,            0.011377,           0.0050766,             0.00349,             0.00349,             0.00349
                 219,            0.015294,            0.010077,           0.0018197,             0.93991,             0.93024,             0.97611,             0.80705,            0.014913,            0.011354,           0.0051113,             0.00346,             0.00346,             0.00346
                 220,            0.015044,            0.010046,           0.0019191,             0.93309,             0.93325,             0.97563,             0.80609,             0.01488,            0.011328,           0.0051278,             0.00343,             0.00343,             0.00343
                 221,            0.014988,           0.0099752,           0.0019144,              0.9418,             0.93281,             0.97691,             0.80845,            0.014781,            0.011203,            0.005058,              0.0034,              0.0034,              0.0034
                 222,            0.014929,            0.010095,            0.001843,             0.92889,             0.94398,             0.97578,             0.80776,            0.014772,            0.011215,           0.0050952,             0.00337,             0.00337,             0.00337
                 223,            0.015203,            0.010222,           0.0020628,             0.92284,             0.94181,             0.97459,              0.8062,            0.014813,            0.011229,           0.0051468,             0.00334,             0.00334,             0.00334
                 224,            0.014877,           0.0099479,           0.0019011,             0.93379,             0.92644,             0.97408,             0.80715,            0.014833,             0.01124,           0.0051443,             0.00331,             0.00331,             0.00331
                 225,            0.014732,           0.0098182,           0.0019733,             0.94726,             0.91963,             0.97604,              0.8092,            0.014856,            0.011235,           0.0050074,             0.00328,             0.00328,             0.00328
                 226,             0.01483,            0.010134,           0.0018568,             0.92538,             0.94788,             0.97665,             0.80936,            0.014879,            0.011176,           0.0049684,             0.00325,             0.00325,             0.00325
                 227,            0.014674,           0.0098579,           0.0018696,             0.92036,             0.94993,             0.97649,              0.8091,            0.014866,            0.011216,           0.0049645,             0.00322,             0.00322,             0.00322
                 228,            0.014899,           0.0097283,           0.0019978,             0.95009,             0.92798,             0.97723,             0.80947,            0.014836,            0.011211,           0.0049185,             0.00319,             0.00319,             0.00319
                 229,            0.014655,           0.0099335,           0.0018537,             0.95246,             0.92841,             0.97767,             0.81004,            0.014822,            0.011222,           0.0048444,             0.00316,             0.00316,             0.00316
                 230,            0.014494,           0.0097198,           0.0015316,             0.95676,             0.92416,             0.97874,             0.81168,            0.014829,            0.011262,           0.0047578,             0.00313,             0.00313,             0.00313
                 231,            0.014729,            0.009907,           0.0017532,             0.94787,             0.93391,             0.97807,             0.81154,            0.014834,            0.011269,            0.004782,              0.0031,              0.0031,              0.0031
                 232,            0.014908,           0.0099054,             0.00205,             0.93923,             0.94092,             0.97756,             0.81084,            0.014832,             0.01126,           0.0047984,             0.00307,             0.00307,             0.00307
                 233,            0.014728,           0.0099941,           0.0017121,             0.94282,             0.93227,             0.97635,             0.80976,            0.014828,            0.011239,           0.0048412,             0.00304,             0.00304,             0.00304
                 234,            0.014828,           0.0099875,           0.0018118,             0.94067,             0.93392,             0.97634,             0.80952,            0.014841,            0.011234,            0.004831,             0.00301,             0.00301,             0.00301
                 235,            0.014764,           0.0099669,           0.0020975,             0.94068,             0.93397,             0.97753,             0.81088,            0.014827,            0.011207,           0.0047486,             0.00298,             0.00298,             0.00298
                 236,            0.014845,           0.0097693,           0.0018601,             0.94354,             0.93094,              0.9774,             0.81222,            0.014812,            0.011188,           0.0047074,             0.00295,             0.00295,             0.00295
                 237,            0.014651,           0.0099267,           0.0016398,             0.93895,             0.93352,             0.97672,             0.81168,            0.014807,            0.011181,           0.0047332,             0.00292,             0.00292,             0.00292
                 238,            0.014757,           0.0099867,            0.001772,             0.94539,             0.92594,             0.97623,             0.81065,            0.014814,            0.011186,           0.0047779,             0.00289,             0.00289,             0.00289
                 239,            0.014619,           0.0095415,           0.0016992,             0.94708,             0.92043,             0.97526,             0.80996,             0.01483,            0.011226,           0.0048172,             0.00286,             0.00286,             0.00286
                 240,             0.01434,           0.0098766,           0.0015564,             0.93846,              0.9213,             0.97443,              0.8093,            0.014861,             0.01128,           0.0048639,             0.00283,             0.00283,             0.00283
                 241,            0.014712,           0.0099707,             0.00175,             0.91865,             0.94244,             0.97449,             0.80878,            0.014894,            0.011306,           0.0048837,              0.0028,              0.0028,              0.0028
                 242,            0.014555,            0.009836,           0.0016111,             0.91758,             0.94428,             0.97416,             0.80781,            0.014904,            0.011287,           0.0049025,             0.00277,             0.00277,             0.00277
                 243,            0.014585,             0.00963,           0.0017421,             0.92345,             0.93939,             0.97424,             0.80753,            0.014919,            0.011258,           0.0049087,             0.00274,             0.00274,             0.00274
                 244,            0.014574,           0.0097473,           0.0017959,             0.92294,             0.93907,             0.97396,             0.80765,            0.014914,             0.01128,           0.0048996,             0.00271,             0.00271,             0.00271
                 245,            0.014363,           0.0098493,           0.0017727,                0.92,             0.94046,             0.97317,             0.80719,             0.01491,             0.01131,           0.0049031,             0.00268,             0.00268,             0.00268
                 246,            0.014314,           0.0096811,           0.0017019,              0.9172,             0.94301,             0.97226,             0.80579,            0.014914,            0.011321,           0.0049688,             0.00265,             0.00265,             0.00265
                 247,            0.014541,           0.0099183,           0.0016066,             0.91582,             0.94274,             0.97224,             0.80482,            0.014895,            0.011317,           0.0050321,             0.00262,             0.00262,             0.00262
                 248,            0.014489,           0.0096328,           0.0016379,             0.91464,             0.94434,              0.9721,             0.80483,             0.01488,            0.011327,           0.0050524,             0.00259,             0.00259,             0.00259
                 249,            0.014337,           0.0096775,           0.0015765,             0.91428,             0.94365,             0.97256,              0.8048,            0.014886,            0.011356,           0.0050374,             0.00256,             0.00256,             0.00256
                 250,            0.014471,           0.0097859,           0.0016723,             0.91448,             0.94323,             0.97245,             0.80478,            0.014896,            0.011385,           0.0050565,             0.00253,             0.00253,             0.00253
                 251,            0.014393,           0.0097728,           0.0018372,             0.91246,              0.9453,             0.97273,             0.80552,              0.0149,            0.011382,           0.0050865,              0.0025,              0.0025,              0.0025
                 252,            0.014114,           0.0096567,           0.0017314,             0.91029,             0.94678,             0.97273,             0.80591,            0.014892,            0.011342,           0.0051451,             0.00247,             0.00247,             0.00247
                 253,            0.014159,           0.0095096,            0.001871,             0.91747,             0.93784,              0.9729,             0.80603,            0.014905,            0.011327,           0.0051757,             0.00244,             0.00244,             0.00244
                 254,            0.014242,           0.0095912,            0.001735,              0.9185,             0.93663,             0.97317,             0.80665,            0.014892,            0.011336,           0.0051788,             0.00241,             0.00241,             0.00241
                 255,            0.014227,           0.0096683,           0.0015887,             0.92156,             0.93709,             0.97302,             0.80613,            0.014903,            0.011369,           0.0051827,             0.00238,             0.00238,             0.00238
                 256,            0.014345,           0.0097006,           0.0014877,             0.92379,             0.93739,             0.97316,             0.80572,            0.014909,            0.011394,           0.0051757,             0.00235,             0.00235,             0.00235
                 257,            0.014174,           0.0097788,           0.0015117,             0.92972,              0.9343,             0.97394,             0.80616,            0.014915,            0.011393,           0.0051586,             0.00232,             0.00232,             0.00232
                 258,            0.014266,            0.009578,           0.0014917,             0.93296,             0.93412,             0.97453,             0.80757,            0.014924,             0.01138,           0.0051395,             0.00229,             0.00229,             0.00229
                 259,            0.014392,           0.0096364,           0.0016732,             0.93048,             0.93568,             0.97464,             0.80715,            0.014938,            0.011392,           0.0051182,             0.00226,             0.00226,             0.00226
                 260,            0.014037,           0.0095532,           0.0017505,              0.9302,              0.9392,             0.97478,             0.80749,            0.014932,            0.011387,           0.0051366,             0.00223,             0.00223,             0.00223
                 261,            0.014154,           0.0096326,            0.001435,              0.9326,             0.93556,             0.97471,             0.80812,            0.014924,            0.011384,             0.00516,              0.0022,              0.0022,              0.0022
                 262,             0.01406,           0.0096278,           0.0016631,             0.92915,             0.94065,             0.97445,              0.8076,            0.014915,            0.011385,           0.0051729,             0.00217,             0.00217,             0.00217
